{
  "IcoMoonType": "selection",
  "icons": [
    {
      "icon": {
        "paths": [
          "M85.333 255.787c0-23.467 19.029-42.453 42.453-42.453h341.76c23.446 0 42.453 19.007 42.453 42.453s-19.007 42.453-42.453 42.453h-341.76c-23.446 0-42.453-19.007-42.453-42.453v0zM85.333 512c0-23.467 19.029-42.453 42.453-42.453h768.427c23.446 0 42.453 19.007 42.453 42.453s-19.007 42.453-42.453 42.453l-768.427 0c-23.446 0-42.453-19.007-42.453-42.453v0zM127.787 725.76c-23.446-0-42.453 19.007-42.453 42.453s19.007 42.453 42.453 42.453h512.427c23.446 0 42.453-19.007 42.453-42.453s-19.007-42.453-42.453-42.453l-512.427 0z"
        ],
        "attrs": [
          {
            "fill": "rgb(174, 19, 50)"
          }
        ],
        "isMulticolor": false,
        "isMulticolor2": false,
        "grid": 0,
        "tags": [
          "h-menu"
        ],
        "colorPermutations": {
          "17419501255255255177902291": [
            {
              "f": 0
            }
          ]
        }
      },
      "attrs": [
        {
          "fill": "rgb(174, 19, 50)"
        }
      ],
      "properties": {
        "order": 47,
        "id": 5,
        "name": "h-menu",
        "prevSize": 32
      },
      "setIdx": 0,
      "setId": 7,
      "iconIdx": 0
    }
  ],
  "height": 1024,
  "preferences": {
    "showGlyphs": true,
    "showQuickUse": true,
    "showQuickUse2": true,
    "showSVGs": true,
    "fontPref": {
      "prefix": "icon-",
      "metadata": {
        "fontFamily": "icomoon"
      },
      "metrics": {
        "emSize": 1024,
        "baseline": 6.25,
        "whitespace": 50
      },
      "embed": false
    },
    "imagePref": {
      "prefix": "icon-",
      "png": true,
      "useClassSelector": false,
      "color": 0,
      "bgColor": 16777215,
      "classSelector": ".icon",
      "name": "toate",
      "height": 32,
      "columns": 16,
      "margin": 16,
      "minifyJs": true
    },
    "historySize": 50,
    "showCodes": true,
    "gridSize": 16
  }
}